<application>
  <component name="libraryTable">
    <library name="scala-sdk-2.11.7" type="Scala">
      <properties>
        <compiler-classpath>
          <root url="file://$USER_HOME$/.ivy2/cache/org.scala-lang/scala-reflect/jars/scala-reflect-2.11.7.jar" />
          <root url="file://$USER_HOME$/.ivy2/cache/org.scala-lang/scala-compiler/jars/scala-compiler-2.11.7.jar" />
          <root url="file://$USER_HOME$/.ivy2/cache/org.scala-lang/scala-library/jars/scala-library-2.11.7.jar" />
        </compiler-classpath>
      </properties>
      <CLASSES>
        <root url="jar://$USER_HOME$/.ivy2/cache/org.scala-lang/scala-reflect/jars/scala-reflect-2.11.7.jar!/" />
        <root url="jar://$USER_HOME$/.ivy2/cache/org.scala-lang/scala-library/jars/scala-library-2.11.7.jar!/" />
      </CLASSES>
      <JAVADOC>
        <root url="jar://$USER_HOME$/.ivy2/cache/org.scala-lang/scala-reflect/docs/scala-reflect-2.11.7-javadoc.jar!/" />
        <root url="jar://$USER_HOME$/.ivy2/cache/org.scala-lang/scala-library/docs/scala-library-2.11.7-javadoc.jar!/" />
      </JAVADOC>
      <SOURCES>
        <root url="jar://$USER_HOME$/.ivy2/cache/org.scala-lang/scala-reflect/srcs/scala-reflect-2.11.7-sources.jar!/" />
        <root url="jar://$USER_HOME$/.ivy2/cache/org.scala-lang/scala-library/srcs/scala-library-2.11.7-sources.jar!/" />
      </SOURCES>
    </library>
    <library name="scala-sdk-2.11.8" type="Scala">
      <properties>
        <compiler-classpath>
          <root url="file://$USER_HOME$/.ivy2/cache/org.scala-lang/scala-reflect/jars/scala-reflect-2.11.8.jar" />
          <root url="file://$USER_HOME$/.ivy2/cache/org.scala-lang/scala-library/jars/scala-library-2.11.8.jar" />
          <root url="file://$USER_HOME$/.ivy2/cache/org.scala-lang/scala-compiler/jars/scala-compiler-2.11.8.jar" />
        </compiler-classpath>
      </properties>
      <CLASSES>
        <root url="jar://$USER_HOME$/.ivy2/cache/org.scala-lang/scala-reflect/jars/scala-reflect-2.11.8.jar!/" />
        <root url="jar://$USER_HOME$/.ivy2/cache/org.scala-lang/scala-library/jars/scala-library-2.11.8.jar!/" />
        <root url="jar://$USER_HOME$/.ivy2/cache/org.scala-lang/scala-reflect/srcs/scala-reflect-2.11.8-sources.jar!/" />
        <root url="jar://$USER_HOME$/.ivy2/cache/org.scala-lang/scala-library/srcs/scala-library-2.11.8-sources.jar!/" />
      </CLASSES>
      <JAVADOC />
      <SOURCES />
    </library>
    <library name="scala-sdk-2.12.5" type="Scala">
      <properties>
        <compiler-classpath>
          <root url="file://$USER_HOME$/.ivy2/cache/org.scala-lang/scala-reflect/jars/scala-reflect-2.12.5.jar" />
          <root url="file://$USER_HOME$/.ivy2/cache/org.scala-lang/scala-library/jars/scala-library-2.12.5.jar" />
          <root url="file://$USER_HOME$/.ivy2/cache/org.scala-lang/scala-compiler/jars/scala-compiler-2.12.5.jar" />
        </compiler-classpath>
      </properties>
      <CLASSES>
        <root url="jar://$USER_HOME$/.ivy2/cache/org.scala-lang/scala-reflect/jars/scala-reflect-2.12.5.jar!/" />
        <root url="jar://$USER_HOME$/.ivy2/cache/org.scala-lang/scala-library/jars/scala-library-2.12.5.jar!/" />
        <root url="jar://$USER_HOME$/.ivy2/cache/org.scala-lang/scala-reflect/srcs/scala-reflect-2.12.5-sources.jar!/" />
        <root url="jar://$USER_HOME$/.ivy2/cache/org.scala-lang/scala-library/srcs/scala-library-2.12.5-sources.jar!/" />
      </CLASSES>
      <JAVADOC />
      <SOURCES />
    </library>
  </component>
</application>