<application>
  <component name="CodeInsightSettings">
    <EXCLUDED_PACKAGE NAME="com.sun.corba.se.impl.orbutil.closure.Future" />
    <EXCLUDED_PACKAGE NAME="java.util.concurrent.Future" />
    <EXCLUDED_PACKAGE NAME="play.shaded.ahc.io.netty.util.concurrent.Future" />
  </component>
  <component name="EditorSettings">
    <option name="USE_SOFT_WRAPS" value="" />
    <option name="STRIP_TRAILING_SPACES" value="Whole" />
    <option name="IS_ENSURE_NEWLINE_AT_EOF" value="true" />
    <option name="IS_CAMEL_WORDS" value="true" />
  </component>
</application>