<application>
  <component name="CommunityFileTypes" version="11">
    <ignoreFiles list="CVS;SCCS;RCS;rcs;.DS_Store;.svn;.pyc;.pyo;*.pyc;*.pyo;.git;*.hprof;_svn;.hg;*.lib;*~;__pycache__;.bundle;*.rbc;" />
    <extensionMap>
      <mapping pattern="400to1200PlacesStructures" type="PLAIN_TEXT" />
      <mapping ext="plugins" type="PLAIN_TEXT" />
      <mapping pattern="searchArtistController" type="Scala" />
      <mapping pattern="Admin" type="Scala" />
      <mapping ext="userservice" type="Scala" />
      <mapping ext="tagx" type="XML" />
      <mapping ext="jspx" type="XML" />
    </extensionMap>
    <setting name="fileTypeChangedCounter" value="2" />
  </component>
  <component name="FileTypeManager" version="17">
    <ignoreFiles list="*.hprof;*.o;*.obj;*.pyc;*.pyo;*.rbc;*~;.DS_Store;.git;.hg;.svn;CVS;RCS;SCCS;__pycache__;_svn;rcs;vssver.scc;vssver2.scc;" />
    <extensionMap>
      <mapping pattern="MaintenanceSwipeableItem" type="JavaScript" />
      <mapping pattern="YoutubeDescriptionConcatainer" type="JavaScript" />
      <mapping pattern=".env.production" type="PLAIN_TEXT" />
      <mapping pattern="README" type="PLAIN_TEXT" />
      <mapping pattern="fetchWithToken.jsx" type="PLAIN_TEXT" />
      <mapping pattern=".gitlab-ci.yml.swp" type="PLAIN_TEXT" />
      <mapping pattern=".prettierignore" type="PLAIN_TEXT" />
      <mapping pattern=".history" type="PLAIN_TEXT" />
      <mapping pattern=".env.local" type="PLAIN_TEXT" />
      <mapping pattern="YoutubeDescriptionPreview.jsx" type="PLAIN_TEXT" />
      <mapping pattern="MotorizationController.scala" type="PLAIN_TEXT" />
      <mapping ext="keystore" type="PLAIN_TEXT" />
      <mapping ext="p8" type="PLAIN_TEXT" />
      <removed_mapping ext="cmd" approved="true" type="PLAIN_TEXT" />
      <removed_mapping ext="bat" approved="true" type="PLAIN_TEXT" />
      <removed_mapping ext="log" approved="true" type="PLAIN_TEXT" />
      <removed_mapping ext="bat" approved="true" type="PLAIN_TEXT" />
      <removed_mapping ext="log" approved="true" type="PLAIN_TEXT" />
      <removed_mapping ext="dockerfile" approved="true" type="textmate" />
      <removed_mapping ext="makefile" approved="true" type="textmate" />
      <removed_mapping ext="cmd" approved="true" type="PLAIN_TEXT" />
      <removed_mapping ext="snakefile" approved="true" type="textmate" />
    </extensionMap>
  </component>
</application>