<application>
  <component name="ProjectJdkTable">
    <jdk version="2">
      <name value="IDEA IC-139.1117.1" />
      <type value="IDEA JDK" />
      <homePath value="$APPLICATION_HOME_DIR$" />
      <roots>
        <annotationsPath>
          <root type="composite" />
        </annotationsPath>
        <classPath>
          <root type="composite">
            <root url="jar:///usr/lib/jvm/java-7-openjdk-i386/jre/lib/javazic.jar!/" type="simple" />
            <root url="jar:///usr/lib/jvm/java-7-openjdk-i386/jre/lib/rt.jar!/" type="simple" />
            <root url="jar:///usr/lib/jvm/java-7-openjdk-i386/jre/lib/jsse.jar!/" type="simple" />
            <root url="jar:///usr/lib/jvm/java-7-openjdk-i386/jre/lib/rhino.jar!/" type="simple" />
            <root url="jar:///usr/lib/jvm/java-7-openjdk-i386/jre/lib/jce.jar!/" type="simple" />
            <root url="jar:///usr/lib/jvm/java-7-openjdk-i386/jre/lib/resources.jar!/" type="simple" />
            <root url="jar:///usr/lib/jvm/java-7-openjdk-i386/jre/lib/compilefontconfig.jar!/" type="simple" />
            <root url="jar:///usr/lib/jvm/java-7-openjdk-i386/jre/lib/charsets.jar!/" type="simple" />
            <root url="jar:///usr/lib/jvm/java-7-openjdk-i386/jre/lib/management-agent.jar!/" type="simple" />
            <root url="jar:///usr/lib/jvm/java-7-openjdk-i386/jre/lib/ext/sunpkcs11.jar!/" type="simple" />
            <root url="jar:///usr/lib/jvm/java-7-openjdk-i386/jre/lib/ext/icedtea-sound.jar!/" type="simple" />
            <root url="jar:///usr/lib/jvm/java-7-openjdk-i386/jre/lib/ext/localedata.jar!/" type="simple" />
            <root url="jar:///usr/lib/jvm/java-7-openjdk-i386/jre/lib/ext/java-atk-wrapper.jar!/" type="simple" />
            <root url="jar:///usr/lib/jvm/java-7-openjdk-i386/jre/lib/ext/dnsns.jar!/" type="simple" />
            <root url="jar:///usr/lib/jvm/java-7-openjdk-i386/jre/lib/ext/zipfs.jar!/" type="simple" />
            <root url="jar:///usr/lib/jvm/java-7-openjdk-i386/jre/lib/ext/sunjce_provider.jar!/" type="simple" />
            <root url="jar://$APPLICATION_HOME_DIR$/lib/extensions.jar!/" type="simple" />
            <root url="jar://$APPLICATION_HOME_DIR$/lib/sanselan-0.98-snapshot.jar!/" type="simple" />
            <root url="jar://$APPLICATION_HOME_DIR$/lib/xmlrpc-2.0.jar!/" type="simple" />
            <root url="jar://$APPLICATION_HOME_DIR$/lib/trang-core.jar!/" type="simple" />
            <root url="jar://$APPLICATION_HOME_DIR$/lib/commons-httpclient-3.1-patched.jar!/" type="simple" />
            <root url="jar://$APPLICATION_HOME_DIR$/lib/ecj-4.4.jar!/" type="simple" />
            <root url="jar://$APPLICATION_HOME_DIR$/lib/guava-17.0.jar!/" type="simple" />
            <root url="jar://$APPLICATION_HOME_DIR$/lib/openapi.jar!/" type="simple" />
            <root url="jar://$APPLICATION_HOME_DIR$/lib/netty-all-4.1.0.Beta3.jar!/" type="simple" />
            <root url="jar://$APPLICATION_HOME_DIR$/lib/purejavacomm.jar!/" type="simple" />
            <root url="jar://$APPLICATION_HOME_DIR$/lib/hamcrest-core-1.3.jar!/" type="simple" />
            <root url="jar://$APPLICATION_HOME_DIR$/lib/nekohtml-1.9.14.jar!/" type="simple" />
            <root url="jar://$APPLICATION_HOME_DIR$/lib/idea_rt.jar!/" type="simple" />
            <root url="jar://$APPLICATION_HOME_DIR$/lib/jh.jar!/" type="simple" />
            <root url="jar://$APPLICATION_HOME_DIR$/lib/jna-utils.jar!/" type="simple" />
            <root url="jar://$APPLICATION_HOME_DIR$/lib/jdom.jar!/" type="simple" />
            <root url="jar://$APPLICATION_HOME_DIR$/lib/commons-net-3.1.jar!/" type="simple" />
            <root url="jar://$APPLICATION_HOME_DIR$/lib/proxy-vole_20120920.jar!/" type="simple" />
            <root url="jar://$APPLICATION_HOME_DIR$/lib/oromatcher.jar!/" type="simple" />
            <root url="jar://$APPLICATION_HOME_DIR$/lib/jsch.agentproxy.connector-factory.jar!/" type="simple" />
            <root url="jar://$APPLICATION_HOME_DIR$/lib/jps-model.jar!/" type="simple" />
            <root url="jar://$APPLICATION_HOME_DIR$/lib/resources_en.jar!/" type="simple" />
            <root url="jar://$APPLICATION_HOME_DIR$/lib/miglayout-swing.jar!/" type="simple" />
            <root url="jar://$APPLICATION_HOME_DIR$/lib/jna.jar!/" type="simple" />
            <root url="jar://$APPLICATION_HOME_DIR$/lib/jsch.agentproxy.pageant.jar!/" type="simple" />
            <root url="jar://$APPLICATION_HOME_DIR$/lib/rngom-20051226-patched.jar!/" type="simple" />
            <root url="jar://$APPLICATION_HOME_DIR$/lib/asm.jar!/" type="simple" />
            <root url="jar://$APPLICATION_HOME_DIR$/lib/resources.jar!/" type="simple" />
            <root url="jar://$APPLICATION_HOME_DIR$/lib/nanoxml-2.2.3.jar!/" type="simple" />
            <root url="jar://$APPLICATION_HOME_DIR$/lib/picocontainer.jar!/" type="simple" />
            <root url="jar://$APPLICATION_HOME_DIR$/lib/jdkAnnotations.jar!/" type="simple" />
            <root url="jar://$APPLICATION_HOME_DIR$/lib/resolver.jar!/" type="simple" />
            <root url="jar://$APPLICATION_HOME_DIR$/lib/jsr173_1.0_api.jar!/" type="simple" />
            <root url="jar://$APPLICATION_HOME_DIR$/lib/httpmime-4.3.2.jar!/" type="simple" />
            <root url="jar://$APPLICATION_HOME_DIR$/lib/jsch-0.1.51.jar!/" type="simple" />
            <root url="jar://$APPLICATION_HOME_DIR$/lib/markdownj-core-0.4.2-SNAPSHOT.jar!/" type="simple" />
            <root url="jar://$APPLICATION_HOME_DIR$/lib/jing.jar!/" type="simple" />
            <root url="jar://$APPLICATION_HOME_DIR$/lib/pty4j-0.3.jar!/" type="simple" />
            <root url="jar://$APPLICATION_HOME_DIR$/lib/rhino-js-1_7R4.jar!/" type="simple" />
            <root url="jar://$APPLICATION_HOME_DIR$/lib/cli-parser-1.1.jar!/" type="simple" />
            <root url="jar://$APPLICATION_HOME_DIR$/lib/jps-server.jar!/" type="simple" />
            <root url="jar://$APPLICATION_HOME_DIR$/lib/annotations.jar!/" type="simple" />
            <root url="jar://$APPLICATION_HOME_DIR$/lib/groovy-all-2.2.1.jar!/" type="simple" />
            <root url="jar://$APPLICATION_HOME_DIR$/lib/jaxen-1.1.3.jar!/" type="simple" />
            <root url="jar://$APPLICATION_HOME_DIR$/lib/commons-logging-1.1.3.jar!/" type="simple" />
            <root url="jar://$APPLICATION_HOME_DIR$/lib/asm-all.jar!/" type="simple" />
            <root url="jar://$APPLICATION_HOME_DIR$/lib/jgoodies-common-1.2.1.jar!/" type="simple" />
            <root url="jar://$APPLICATION_HOME_DIR$/lib/jcip-annotations.jar!/" type="simple" />
            <root url="jar://$APPLICATION_HOME_DIR$/lib/trove4j.jar!/" type="simple" />
            <root url="jar://$APPLICATION_HOME_DIR$/lib/javac2.jar!/" type="simple" />
            <root url="jar://$APPLICATION_HOME_DIR$/lib/snappy-in-java-0.3.jar!/" type="simple" />
            <root url="jar://$APPLICATION_HOME_DIR$/lib/icons.jar!/" type="simple" />
            <root url="jar://$APPLICATION_HOME_DIR$/lib/xpp3-1.1.4-min.jar!/" type="simple" />
            <root url="jar://$APPLICATION_HOME_DIR$/lib/jzlib-1.1.1.jar!/" type="simple" />
            <root url="jar://$APPLICATION_HOME_DIR$/lib/trove4j_src.jar!/" type="simple" />
            <root url="jar://$APPLICATION_HOME_DIR$/lib/httpcore-4.3.1.jar!/" type="simple" />
            <root url="jar://$APPLICATION_HOME_DIR$/lib/xstream-1.4.3.jar!/" type="simple" />
            <root url="jar://$APPLICATION_HOME_DIR$/lib/xerces.jar!/" type="simple" />
            <root url="jar://$APPLICATION_HOME_DIR$/lib/jgoodies-forms.jar!/" type="simple" />
            <root url="jar://$APPLICATION_HOME_DIR$/lib/jsch.agentproxy.sshagent.jar!/" type="simple" />
            <root url="jar://$APPLICATION_HOME_DIR$/lib/cglib-2.2.2.jar!/" type="simple" />
            <root url="jar://$APPLICATION_HOME_DIR$/lib/protobuf-2.5.0.jar!/" type="simple" />
            <root url="jar://$APPLICATION_HOME_DIR$/lib/microba.jar!/" type="simple" />
            <root url="jar://$APPLICATION_HOME_DIR$/lib/forms_rt.jar!/" type="simple" />
            <root url="jar://$APPLICATION_HOME_DIR$/lib/asm-commons.jar!/" type="simple" />
            <root url="jar://$APPLICATION_HOME_DIR$/lib/freemarker.jar!/" type="simple" />
            <root url="jar://$APPLICATION_HOME_DIR$/lib/fluent-hc-4.3.2.jar!/" type="simple" />
            <root url="jar://$APPLICATION_HOME_DIR$/lib/hamcrest-library-1.3.jar!/" type="simple" />
            <root url="jar://$APPLICATION_HOME_DIR$/lib/winp-1.21-patched.jar!/" type="simple" />
            <root url="jar://$APPLICATION_HOME_DIR$/lib/jsch.agentproxy.usocket-nc.jar!/" type="simple" />
            <root url="jar://$APPLICATION_HOME_DIR$/lib/junit-4.11.jar!/" type="simple" />
            <root url="jar://$APPLICATION_HOME_DIR$/lib/bootstrap.jar!/" type="simple" />
            <root url="jar://$APPLICATION_HOME_DIR$/lib/isorelax.jar!/" type="simple" />
            <root url="jar://$APPLICATION_HOME_DIR$/lib/log4j.jar!/" type="simple" />
            <root url="jar://$APPLICATION_HOME_DIR$/lib/jsch.agentproxy.core.jar!/" type="simple" />
            <root url="jar://$APPLICATION_HOME_DIR$/lib/automaton.jar!/" type="simple" />
            <root url="jar://$APPLICATION_HOME_DIR$/lib/jsr166e.jar!/" type="simple" />
            <root url="jar://$APPLICATION_HOME_DIR$/lib/jps-launcher.jar!/" type="simple" />
            <root url="jar://$APPLICATION_HOME_DIR$/lib/idea.jar!/" type="simple" />
            <root url="jar://$APPLICATION_HOME_DIR$/lib/xbean.jar!/" type="simple" />
            <root url="jar://$APPLICATION_HOME_DIR$/lib/httpclient-4.3.2.jar!/" type="simple" />
            <root url="jar://$APPLICATION_HOME_DIR$/lib/boot.jar!/" type="simple" />
            <root url="jar://$APPLICATION_HOME_DIR$/lib/jgoodies-looks-2.4.2.jar!/" type="simple" />
            <root url="jar://$APPLICATION_HOME_DIR$/lib/swingx-core-1.6.2.jar!/" type="simple" />
            <root url="jar://$APPLICATION_HOME_DIR$/lib/util.jar!/" type="simple" />
            <root url="jar://$APPLICATION_HOME_DIR$/lib/jsch.agentproxy.usocket-jna.jar!/" type="simple" />
            <root url="jar://$APPLICATION_HOME_DIR$/lib/gson-2.2.4.jar!/" type="simple" />
            <root url="jar://$APPLICATION_HOME_DIR$/lib/optimizedFileManager.jar!/" type="simple" />
            <root url="jar://$APPLICATION_HOME_DIR$/lib/jayatana-1.2.4.jar!/" type="simple" />
            <root url="jar://$APPLICATION_HOME_DIR$/lib/asm4-all.jar!/" type="simple" />
            <root url="jar://$APPLICATION_HOME_DIR$/lib/commons-codec-1.8.jar!/" type="simple" />
            <root url="jar://$APPLICATION_HOME_DIR$/lib/velocity.jar!/" type="simple" />
            <root url="jar://$APPLICATION_HOME_DIR$/lib/serviceMessages.jar!/" type="simple" />
          </root>
        </classPath>
        <javadocPath>
          <root type="composite">
            <root url="http://docs.oracle.com/javafx/2/api/" type="simple" />
          </root>
        </javadocPath>
        <sourcePath>
          <root type="composite" />
        </sourcePath>
      </roots>
      <additional sdk="1.7">
        <option name="mySandboxHome" value="$USER_HOME$/.IdeaIC14/system/plugins-sandbox" />
      </additional>
    </jdk>
    <jdk version="2">
      <name value="1.7" />
      <type value="JavaSDK" />
      <homePath value="/usr/lib/jvm/java-7-openjdk-i386" />
      <roots>
        <annotationsPath>
          <root type="composite">
            <root url="jar://$APPLICATION_HOME_DIR$/lib/jdkAnnotations.jar!/" type="simple" />
          </root>
        </annotationsPath>
        <classPath>
          <root type="composite">
            <root url="jar:///usr/lib/jvm/java-7-openjdk-i386/jre/lib/javazic.jar!/" type="simple" />
            <root url="jar:///usr/lib/jvm/java-7-openjdk-i386/jre/lib/rt.jar!/" type="simple" />
            <root url="jar:///usr/lib/jvm/java-7-openjdk-i386/jre/lib/jsse.jar!/" type="simple" />
            <root url="jar:///usr/lib/jvm/java-7-openjdk-i386/jre/lib/rhino.jar!/" type="simple" />
            <root url="jar:///usr/lib/jvm/java-7-openjdk-i386/jre/lib/jce.jar!/" type="simple" />
            <root url="jar:///usr/lib/jvm/java-7-openjdk-i386/jre/lib/resources.jar!/" type="simple" />
            <root url="jar:///usr/lib/jvm/java-7-openjdk-i386/jre/lib/compilefontconfig.jar!/" type="simple" />
            <root url="jar:///usr/lib/jvm/java-7-openjdk-i386/jre/lib/charsets.jar!/" type="simple" />
            <root url="jar:///usr/lib/jvm/java-7-openjdk-i386/jre/lib/management-agent.jar!/" type="simple" />
            <root url="jar:///usr/lib/jvm/java-7-openjdk-i386/jre/lib/ext/sunpkcs11.jar!/" type="simple" />
            <root url="jar:///usr/lib/jvm/java-7-openjdk-i386/jre/lib/ext/icedtea-sound.jar!/" type="simple" />
            <root url="jar:///usr/lib/jvm/java-7-openjdk-i386/jre/lib/ext/localedata.jar!/" type="simple" />
            <root url="jar:///usr/lib/jvm/java-7-openjdk-i386/jre/lib/ext/java-atk-wrapper.jar!/" type="simple" />
            <root url="jar:///usr/lib/jvm/java-7-openjdk-i386/jre/lib/ext/dnsns.jar!/" type="simple" />
            <root url="jar:///usr/lib/jvm/java-7-openjdk-i386/jre/lib/ext/zipfs.jar!/" type="simple" />
            <root url="jar:///usr/lib/jvm/java-7-openjdk-i386/jre/lib/ext/sunjce_provider.jar!/" type="simple" />
          </root>
        </classPath>
        <javadocPath>
          <root type="composite">
            <root url="http://docs.oracle.com/javafx/2/api/" type="simple" />
          </root>
        </javadocPath>
        <sourcePath>
          <root type="composite" />
        </sourcePath>
      </roots>
      <additional />
    </jdk>
    <jdk version="2">
      <name value="1.8" />
      <type value="JavaSDK" />
      <version value="java version &quot;1.8.0_77&quot;" />
      <homePath value="/usr/lib/jvm/java-8-oracle" />
      <roots>
        <annotationsPath>
          <root type="composite">
            <root url="jar://$APPLICATION_HOME_DIR$/lib/jdkAnnotations.jar!/" type="simple" />
          </root>
        </annotationsPath>
        <classPath>
          <root type="composite">
            <root url="jar:///usr/lib/jvm/java-8-oracle/jre/lib/charsets.jar!/" type="simple" />
            <root url="jar:///usr/lib/jvm/java-8-oracle/jre/lib/deploy.jar!/" type="simple" />
            <root url="jar:///usr/lib/jvm/java-8-oracle/jre/lib/ext/cldrdata.jar!/" type="simple" />
            <root url="jar:///usr/lib/jvm/java-8-oracle/jre/lib/ext/dnsns.jar!/" type="simple" />
            <root url="jar:///usr/lib/jvm/java-8-oracle/jre/lib/ext/jaccess.jar!/" type="simple" />
            <root url="jar:///usr/lib/jvm/java-8-oracle/jre/lib/ext/jfxrt.jar!/" type="simple" />
            <root url="jar:///usr/lib/jvm/java-8-oracle/jre/lib/ext/localedata.jar!/" type="simple" />
            <root url="jar:///usr/lib/jvm/java-8-oracle/jre/lib/ext/nashorn.jar!/" type="simple" />
            <root url="jar:///usr/lib/jvm/java-8-oracle/jre/lib/ext/sunec.jar!/" type="simple" />
            <root url="jar:///usr/lib/jvm/java-8-oracle/jre/lib/ext/sunjce_provider.jar!/" type="simple" />
            <root url="jar:///usr/lib/jvm/java-8-oracle/jre/lib/ext/sunpkcs11.jar!/" type="simple" />
            <root url="jar:///usr/lib/jvm/java-8-oracle/jre/lib/ext/zipfs.jar!/" type="simple" />
            <root url="jar:///usr/lib/jvm/java-8-oracle/jre/lib/javaws.jar!/" type="simple" />
            <root url="jar:///usr/lib/jvm/java-8-oracle/jre/lib/jce.jar!/" type="simple" />
            <root url="jar:///usr/lib/jvm/java-8-oracle/jre/lib/jfr.jar!/" type="simple" />
            <root url="jar:///usr/lib/jvm/java-8-oracle/jre/lib/jfxswt.jar!/" type="simple" />
            <root url="jar:///usr/lib/jvm/java-8-oracle/jre/lib/jsse.jar!/" type="simple" />
            <root url="jar:///usr/lib/jvm/java-8-oracle/jre/lib/management-agent.jar!/" type="simple" />
            <root url="jar:///usr/lib/jvm/java-8-oracle/jre/lib/plugin.jar!/" type="simple" />
            <root url="jar:///usr/lib/jvm/java-8-oracle/jre/lib/resources.jar!/" type="simple" />
            <root url="jar:///usr/lib/jvm/java-8-oracle/jre/lib/rt.jar!/" type="simple" />
          </root>
        </classPath>
        <javadocPath>
          <root type="composite" />
        </javadocPath>
        <sourcePath>
          <root type="composite">
            <root url="jar:///usr/lib/jvm/java-8-oracle/src.zip!/" type="simple" />
            <root url="jar:///usr/lib/jvm/java-8-oracle/javafx-src.zip!/" type="simple" />
          </root>
        </sourcePath>
      </roots>
      <additional />
    </jdk>
  </component>
</application>