<application>
  <component name="ParameterNameHintsSettings">
    <blacklists>
      <blacklist language="TypeScript">
        <added pattern="test(name,fn,timeout)" />
        <added pattern="func(expected)" />
        <added pattern="WebAssembly.validate(bytes)" />
        <added pattern="expect(actual)" />
        <added pattern="FirebaseFirestore.Firestore.doc(documentPath)" />
        <added pattern="post(path,handlers)" />
      </blacklist>
      <blacklist language="Java" />
      <blacklist language="Angular HTML Template" />
      <blacklist language="JavaScript">
        <added pattern="JSON.stringify(value,replacer,space)" />
        <added pattern="fetch(input,init)" />
        <added pattern="btoa(rawString)" />
        <added pattern="Console.info(message,optionalParams)" />
        <added pattern="React.Component.setState(state,callback)" />
        <added pattern="RegExp(pattern)" />
        <added pattern="reduxForm(config)" />
        <added pattern="Promise.finally(onFinally)" />
        <added pattern="setTimeout(handler,timeout,arguments)" />
        <added pattern="firebase.database.Database.ref(path)" />
        <added pattern="Console.warn(message,optionalParams)" />
        <added pattern="String.replace(searchValue,replaceValue)" />
        <added pattern="React.useEffect(effect,inputs)" />
        <added pattern="React.useState(initialState)" />
        <added pattern="useSelector(selector,equalityFn)" />
        <added pattern="Promise(executor)" />
        <added pattern="func(value)" />
        <added pattern="logStringAndObjectOnSlack(stringMessage,objectMessage)" />
        <added pattern="Math.abs(x)" />
        <added pattern="moment.Moment.isSame(inp,granularity)" />
        <added pattern="React.useEffect(effect,deps)" />
        <added pattern="FirebaseFirestoreTypes.Query.where(fieldPath,opStr,value)" />
        <added pattern="add(storyName,storyFn,parameters)" />
        <added pattern="Client.notify(error,beforeSendCallback,blocking,postSendCallback)" />
        <added pattern="expect.assertions(expectedAssertions)" />
        <added pattern="func(config)" />
        <added pattern="nextProfileStepToComplete(stepsWithoutComputation)" />
        <added pattern="computeModuleToRender(stepsWithoutComputation)" />
        <added pattern="Boolean(value)" />
        <added pattern="func(effect,deps)" />
        <added pattern="Array.find(predicate,thisArg)" />
        <added pattern="Array.findIndex(predicate,thisArg)" />
        <added pattern="func(callbackfn,thisArg)" />
        <added pattern="func(args)" />
        <added pattern="React.useCallback(callback,deps)" />
        <added pattern="Set(values)" />
        <added pattern="Array.sort(compareFn)" />
        <added pattern="func(predicate,thisArg)" />
        <added pattern="module:native-base.Toast.show(configuration)" />
        <added pattern="FirebaseFirestoreTypes.QuerySnapshot.forEach(callback,thisArg)" />
        <added pattern="func(collectionPath)" />
        <added pattern="beforeAll(fn,timeout)" />
        <added pattern="FeedbackModel.getResponseByRequestId(requestId)" />
        <added pattern="JestExpectType.toEqual(value)" />
        <added pattern="FirebaseFirestore.Firestore.doc(documentPath)" />
        <added pattern="Promise.all(promises)" />
        <added pattern="module:react-native-sms.send(options,callback)" />
      </blacklist>
      <blacklist language="Groovy" />
      <blacklist language="Kotlin" />
    </blacklists>
    <disabledLanguages>
      <language id="TypeScript" />
    </disabledLanguages>
  </component>
</application>