<application>
  <component name="ProjectManager">
    <defaultProject>
      <component name="CompilerConfiguration">
        <option name="DEFAULT_COMPILER" />
        <wildcardResourcePatterns>
          <entry name="!?*.java" />
          <entry name="!?*.form" />
          <entry name="!?*.class" />
          <entry name="!?*.groovy" />
          <entry name="!?*.scala" />
          <entry name="!?*.flex" />
          <entry name="!?*.kt" />
          <entry name="!?*.clj" />
        </wildcardResourcePatterns>
      </component>
      <component name="Encoding">
        <file url="PROJECT" charset="UTF-8" />
      </component>
      <component name="GradleLocalSettings">
        <option name="projectSyncType">
          <map>
            <entry key="$USER_HOME$/dev/yurPlan" value="PREVIEW" />
          </map>
        </option>
      </component>
      <component name="MavenImportPreferences">
        <option name="generalSettings">
          <MavenGeneralSettings>
            <option name="mavenHome" value="Bundled (Maven 3)" />
          </MavenGeneralSettings>
        </option>
      </component>
      <component name="NodePackageJsonFileManager">
        <packageJsonPaths />
      </component>
      <component name="ProjectRootManager" version="2" languageLevel="JDK_1_6" />
      <component name="PropertiesComponent">
        <property name="GoToClass.includeLibraries" value="false" />
        <property name="GoToClass.toSaveIncludeLibraries" value="false" />
        <property name="GoToFile.includeJavaFiles" value="false" />
        <property name="MemberChooser.copyJavadoc" value="false" />
        <property name="MemberChooser.showClasses" value="true" />
        <property name="MemberChooser.sorted" value="false" />
        <property name="nodejs_interpreter_path.stuck_in_default_project" value="undefined stuck path" />
        <property name="nodejs_npm_path_reset_for_default_project" value="true" />
      </component>
      <component name="RunManager">
        <configuration default="true" type="Applet" factoryName="Applet">
          <option name="POLICY_FILE" value="$APPLICATION_HOME_DIR$/bin/appletviewer.policy" />
        </configuration>
        <configuration default="true" type="Application" factoryName="Application">
          <option name="WORKING_DIRECTORY" value="$PROJECT_DIR$" />
        </configuration>
        <configuration default="true" type="JUnit" factoryName="JUnit">
          <option name="ALTERNATIVE_JRE_PATH_ENABLED" value="false" />
          <option name="ALTERNATIVE_JRE_PATH" />
          <option name="PACKAGE_NAME" />
          <option name="MAIN_CLASS_NAME" />
          <option name="METHOD_NAME" />
          <option name="TEST_OBJECT" value="class" />
          <option name="VM_PARAMETERS" value="-ea" />
          <option name="PARAMETERS" />
          <option name="WORKING_DIRECTORY" value="$PROJECT_DIR$" />
          <option name="PASS_PARENT_ENVS" value="true" />
          <option name="TEST_SEARCH_SCOPE">
            <value defaultName="moduleWithDependencies" />
          </option>
          <patterns />
        </configuration>
        <configuration default="true" type="TestNG" factoryName="TestNG">
          <option name="ALTERNATIVE_JRE_PATH_ENABLED" value="false" />
          <option name="ALTERNATIVE_JRE_PATH" />
          <option name="SUITE_NAME" />
          <option name="PACKAGE_NAME" />
          <option name="MAIN_CLASS_NAME" />
          <option name="METHOD_NAME" />
          <option name="GROUP_NAME" />
          <option name="TEST_OBJECT" value="CLASS" />
          <option name="VM_PARAMETERS" value="-ea" />
          <option name="PARAMETERS" />
          <option name="WORKING_DIRECTORY" value="$PROJECT_DIR$" />
          <option name="OUTPUT_DIRECTORY" />
          <option name="PASS_PARENT_ENVS" value="true" />
          <option name="TEST_SEARCH_SCOPE">
            <value defaultName="moduleWithDependencies" />
          </option>
          <option name="USE_DEFAULT_REPORTERS" value="false" />
          <option name="PROPERTIES_FILE" />
          <properties />
          <listeners />
        </configuration>
        <configuration name="&lt;template&gt;" type="WebApp" default="true" selected="false">
          <Host>localhost</Host>
          <Port>5050</Port>
        </configuration>
      </component>
      <component name="SbtLocalSettings">
        <option name="modificationStamps">
          <map>
            <entry key="$USER_HOME$/Cours2016/algoA" value="1455967669568" />
            <entry key="$USER_HOME$/Cours2016/algoAvancée" value="1455966507724" />
            <entry key="$USER_HOME$/dev/AppClaude" value="1458670079993" />
            <entry key="$USER_HOME$/dev/CezeCanoe" value="1461935148542" />
            <entry key="$USER_HOME$/dev/ML/blog-spark-food-recommendation" value="1461242370391" />
            <entry key="$USER_HOME$/dev/ML/machine-learning/scala" value="1404288060000" />
            <entry key="$USER_HOME$/dev/ML/spark-mllib-scala-play" value="1461240027999" />
            <entry key="$USER_HOME$/dev/ML/spark-play-activator" value="1461228354914" />
            <entry key="$USER_HOME$/dev/MLclaude" value="1460989663229" />
            <entry key="$USER_HOME$/dev/ReactiveMaps" value="1456350342241" />
            <entry key="$USER_HOME$/dev/activator-akka-docker" value="1459273480774" />
            <entry key="$USER_HOME$/dev/activator-akka-scala-guice" value="1460898122903" />
            <entry key="$USER_HOME$/dev/actorTests" value="1456339121037" />
            <entry key="$USER_HOME$/dev/akka-docker-cluster-example" value="1459278969014" />
            <entry key="$USER_HOME$/dev/clustered-chat" value="1455382679610" />
            <entry key="$USER_HOME$/dev/master" value="1454700715119" />
            <entry key="$USER_HOME$/dev/play-silhouette-seed" value="1456176383240" />
            <entry key="$USER_HOME$/dev/scala-js-env-selenium" value="2915404526088" />
            <entry key="$USER_HOME$/dev/scheduler" value="1459357817129" />
          </map>
        </option>
        <option name="projectSyncType">
          <map>
            <entry key="$USER_HOME$/dev/DTEV" value="PREVIEW" />
            <entry key="$USER_HOME$/dev/MC12" value="PREVIEW" />
            <entry key="$USER_HOME$/dev/MC12/server/mc12" value="PREVIEW" />
            <entry key="$USER_HOME$/dev/big-claude" value="PREVIEW" />
            <entry key="$USER_HOME$/dev/newDTEV/DTEV" value="PREVIEW" />
            <entry key="/tmp/AuthServer" value="PREVIEW" />
            <entry key="/tmp/Play-with-Spark" value="PREVIEW" />
            <entry key="/tmp/SilhuetteSocialProvider" value="PREVIEW" />
            <entry key="/tmp/play-silhouette-seed" value="PREVIEW" />
          </map>
        </option>
      </component>
      <component name="ScalaSbtSettings">
        <option name="customVMPath" />
        <option name="maximumHeapSize" value="4192" />
      </component>
      <component name="masterDetails">
        <states>
          <state key="ProjectJDKs.UI">
            <settings>
              <last-edited>1.8</last-edited>
              <splitter-proportions>
                <option name="proportions">
                  <list>
                    <option value="0.2" />
                  </list>
                </option>
              </splitter-proportions>
            </settings>
          </state>
        </states>
      </component>
    </defaultProject>
  </component>
</application>