<application>
  <component name="UpdatesConfigurable">
    <enabledExternalComponentSources>
      <item value="Android SDK" />
    </enabledExternalComponentSources>
    <option name="externalUpdateChannels">
      <map>
        <entry key="Android SDK" value="Stable Channel" />
      </map>
    </option>
    <ignoredBuildNumbers>
      <item value="182.3911.36" />
      <item value="182.3684.101" />
      <item value="182.4505.22" />
      <item value="182.4323.46" />
      <item value="182.4129.33" />
      <item value="182.4892.20" />
      <item value="183.4284.148" />
      <item value="182.5107.41" />
      <item value="183.4588.61" />
      <item value="183.4886.37" />
      <item value="183.5153.38" />
      <item value="183.5912.21" />
      <item value="183.5429.30" />
      <item value="191.7479.19" />
      <item value="191.7141.44" />
      <item value="191.6707.61" />
      <item value="192.6603.28" />
      <item value="192.6262.58" />
      <item value="192.6817.14" />
      <item value="192.7142.36" />
      <item value="193.6911.18" />
    </ignoredBuildNumbers>
    <knownExternalComponentSources>
      <item value="Android SDK" />
    </knownExternalComponentSources>
    <option name="LAST_BUILD_CHECKED" value="IU-193.7288.26" />
    <option name="LAST_TIME_CHECKED" value="1594151594910" />
    <option name="THIRD_PARTY_PLUGINS_ALLOWED" value="true" />
  </component>
</application>