<keymap version="1" name="Default for XWin copy" parent="Default for XWin">
  <action id="CommentByLineComment">
    <keyboard-shortcut first-keystroke="ctrl slash" />
    <keyboard-shortcut first-keystroke="ctrl divide" />
    <keyboard-shortcut first-keystroke="shift ctrl c" />
  </action>
  <action id="Console.History.Browse" />
  <action id="Console.TableResult.SetDefault" />
  <action id="CopyPaths" />
  <action id="DatabaseView.GenerateDDLAction" />
  <action id="Diff.FocusOppositePaneAndScroll" />
  <action id="EditorCodeBlockEndWithSelection">
    <keyboard-shortcut first-keystroke="shift ctrl a" />
  </action>
  <action id="EditorCodeBlockStartWithSelection">
    <keyboard-shortcut first-keystroke="shift ctrl open_bracket" />
    <keyboard-shortcut first-keystroke="shift ctrl ampersand" />
  </action>
  <action id="EditorDeleteToLineEnd">
    <keyboard-shortcut first-keystroke="ctrl alt d" />
  </action>
  <action id="EditorDeleteToLineStart">
    <keyboard-shortcut first-keystroke="ctrl alt q" />
  </action>
  <action id="EditorLineEnd">
    <keyboard-shortcut first-keystroke="end" />
    <keyboard-shortcut first-keystroke="ctrl e" />
  </action>
  <action id="EditorLineStart">
    <keyboard-shortcut first-keystroke="ctrl alt e" />
  </action>
  <action id="FindUsages">
    <keyboard-shortcut first-keystroke="shift ctrl s" />
  </action>
  <action id="GotoAction" />
  <action id="GuiDesigner.QuickJavadoc">
    <mouse-shortcut keystroke="alt button2" />
  </action>
  <action id="JumpToLastChange">
    <keyboard-shortcut first-keystroke="shift ctrl tab" />
  </action>
  <action id="PerforceDirect.Edit" />
  <action id="QuickJavaDoc">
    <mouse-shortcut keystroke="alt button2" />
  </action>
  <action id="RenameElement">
    <keyboard-shortcut first-keystroke="shift ctrl q" />
  </action>
  <action id="RerunTests" />
  <action id="Scala.CreateScalaDocStub" />
  <action id="Scala.GoToImplicit" />
  <action id="Scala.ShowImplicits">
    <keyboard-shortcut first-keystroke="shift ctrl alt equals" />
    <keyboard-shortcut first-keystroke="shift ctrl alt add" />
  </action>
  <action id="Scala.TypeInfo">
    <keyboard-shortcut first-keystroke="ctrl q" />
  </action>
  <action id="SwitchApply">
    <keyboard-shortcut first-keystroke="shift alt enter" />
  </action>
  <action id="SwitchDown">
    <keyboard-shortcut first-keystroke="shift alt down" />
  </action>
  <action id="SwitchLeft">
    <keyboard-shortcut first-keystroke="shift alt left" />
  </action>
  <action id="SwitchRight">
    <keyboard-shortcut first-keystroke="shift alt right" />
  </action>
  <action id="SwitchUp">
    <keyboard-shortcut first-keystroke="shift alt up" />
  </action>
  <action id="Switcher">
    <keyboard-shortcut first-keystroke="ctrl tab" />
  </action>
</keymap>